id,first_name,last_name,email,gender,ip_address
1,Kirsten,Ravillas,kravillas0@cloudflare.com,Genderfluid,64.169.84.205
2,Gayel,Flohard,gflohard1@virginia.edu,Female,50.162.112.74
3,Kakalina,Gadaud,kgadaud2@sciencedirect.com,Agender,201.115.243.37
4,Dorene,Dwelling,ddwelling3@cdbaby.com,Polygender,220.248.199.89
5,Faythe,Davidson,fdavidson4@alibaba.com,Agender,126.40.151.52
6,Elana,Poltun,epoltun5@pbs.org,Genderfluid,102.190.177.38
7,Xenos,Spirit,xspirit6@sciencedaily.com,Genderfluid,32.135.81.114
8,Maye,Downey,mdowney7@g.co,Agender,220.225.113.158
9,Benny,Letchford,bletchford8@sohu.com,Male,123.197.242.205
10,Darcy,Crummey,dcrummey9@posterous.com,Female,178.67.118.122
11,Helenelizabeth,Marsay,hmarsaya@ihg.com,Agender,220.98.253.167
12,Lorain,Attwool,lattwoolb@slideshare.net,Female,216.164.81.173
13,Philomena,Phelan,pphelanc@theguardian.com,Bigender,143.0.238.163
14,Roanne,Duddan,rduddand@moonfruit.com,Polygender,79.36.32.117
15,Maressa,Haskett,mhaskette@wikispaces.com,Non-binary,184.56.186.55
16,Maris,Quinnelly,mquinnellyf@ameblo.jp,Female,46.93.22.69
17,Zacharia,Schimke,zschimkeg@abc.net.au,Polygender,241.15.104.8
18,Helyn,Glyde,hglydeh@apache.org,Genderqueer,86.46.122.130
19,Jeffie,Whisker,jwhiskeri@hatena.ne.jp,Bigender,29.254.70.12
20,Kata,Bolgar,kbolgarj@nifty.com,Non-binary,96.143.178.137
21,Louella,Niche,lnichek@google.es,Non-binary,0.110.239.150
22,Tyler,O'Fihillie,tofihilliel@psu.edu,Bigender,85.255.142.4
23,Winonah,Haldene,whaldenem@freewebs.com,Non-binary,251.159.20.98
24,Wynne,Thwaite,wthwaiten@cam.ac.uk,Agender,61.184.122.252
25,Kalil,Ewbanck,kewbancko@squarespace.com,Agender,72.7.25.204
26,Forster,Hanlon,fhanlonp@1688.com,Agender,14.181.210.92
27,Cherida,Colnett,ccolnettq@google.es,Female,227.120.26.25
28,Sandy,Roots,srootsr@google.nl,Genderqueer,169.250.146.25
29,Tomas,Muscat,tmuscats@wikispaces.com,Genderfluid,64.243.149.12
30,Morrie,Vears,mvearst@biblegateway.com,Bigender,221.228.187.117
31,Eberto,Rowbottam,erowbottamu@imdb.com,Female,137.109.135.130
32,Konstantine,Kinnie,kkinniev@economist.com,Male,227.106.64.225
33,Nelson,Elsay,nelsayw@fc2.com,Female,196.26.26.138
34,Aurthur,Titherington,atitheringtonx@umn.edu,Female,48.85.64.214
35,Riva,Crowson,rcrowsony@networkadvertising.org,Non-binary,143.188.124.197
36,Isabella,Cazalet,icazaletz@nationalgeographic.com,Bigender,217.105.161.205
37,Kitti,Conor,kconor10@washingtonpost.com,Male,91.213.106.138
38,Josi,Domm,jdomm11@rambler.ru,Polygender,123.111.100.94
39,Leeland,Vankeev,lvankeev12@columbia.edu,Genderfluid,35.255.109.9
40,Noby,Lambregts,nlambregts13@wisc.edu,Agender,187.40.188.254
41,Creigh,Washington,cwashington14@bing.com,Genderfluid,75.182.219.206
42,Lanie,Winham,lwinham15@google.co.uk,Non-binary,235.27.144.60
43,Marylee,Zecchinelli,mzecchinelli16@cbslocal.com,Genderfluid,210.118.115.214
44,Ferdinande,Lewis,flewis17@ihg.com,Bigender,172.91.20.234
45,Lazaro,Bohey,lbohey18@ed.gov,Female,174.92.41.66
46,Doralyn,Randall,drandall19@vkontakte.ru,Genderqueer,224.250.180.242
47,Nikola,Fleischmann,nfleischmann1a@yolasite.com,Male,81.33.3.191
48,Kriste,Pippard,kpippard1b@blogs.com,Agender,44.140.194.130
49,Jerry,Voyce,jvoyce1c@sina.com.cn,Male,145.191.87.101
50,Hank,Strute,hstrute1d@altervista.org,Non-binary,143.65.60.193
51,Westbrook,Roskelly,wroskelly1e@huffingtonpost.com,Genderfluid,128.242.150.105
52,Ashla,Stanborough,astanborough1f@gravatar.com,Female,166.175.200.216
53,Annadiane,Laviss,alaviss1g@gnu.org,Bigender,65.14.72.188
54,Roderich,Maffucci,rmaffucci1h@shutterfly.com,Genderqueer,230.68.98.110
55,Alane,Rawls,arawls1i@typepad.com,Female,207.38.224.51
56,Phillipe,Deguara,pdeguara1j@scribd.com,Bigender,130.36.28.154
57,Chryste,Pasley,cpasley1k@slideshare.net,Female,186.111.160.20
58,Amalea,Sammut,asammut1l@newsvine.com,Genderqueer,165.163.143.183
59,Lorant,Wingeatt,lwingeatt1m@so-net.ne.jp,Non-binary,175.251.101.246
60,Karine,Grabiec,kgrabiec1n@theguardian.com,Polygender,224.29.6.218
61,Eunice,Cicchillo,ecicchillo1o@mail.ru,Non-binary,70.151.60.148
62,Cherilynn,MacFadden,cmacfadden1p@digg.com,Agender,77.42.71.155
63,Nora,Hast,nhast1q@vk.com,Female,8.207.106.246
64,Godwin,Escala,gescala1r@ebay.com,Agender,24.137.2.236
65,Jaime,Freake,jfreake1s@nationalgeographic.com,Bigender,30.191.74.58
66,Erin,Gowland,egowland1t@arstechnica.com,Male,194.42.232.106
67,Jemmy,MacNelly,jmacnelly1u@purevolume.com,Genderqueer,82.161.47.206
68,Standford,Abbatucci,sabbatucci1v@usatoday.com,Agender,33.14.185.70
69,Valera,Reoch,vreoch1w@hatena.ne.jp,Genderqueer,43.226.176.235
70,Rriocard,Jiranek,rjiranek1x@arizona.edu,Non-binary,187.196.112.130
71,Davita,Ruprich,druprich1y@nytimes.com,Non-binary,156.254.188.178
72,Land,Bourhill,lbourhill1z@shinystat.com,Female,175.75.54.54
73,Misti,Jorez,mjorez20@europa.eu,Genderfluid,51.241.136.84
74,Mariska,Dansey,mdansey21@free.fr,Polygender,113.133.245.189
75,Jarib,Willcock,jwillcock22@51.la,Genderfluid,169.54.56.83
76,Christy,Troy,ctroy23@icio.us,Female,120.34.93.60
77,Eugine,Forrest,eforrest24@independent.co.uk,Agender,138.64.202.49
78,Gardie,D'eath,gdeath25@huffingtonpost.com,Bigender,163.243.88.85
79,Hana,Petschelt,hpetschelt26@icq.com,Female,113.101.17.132
80,Lock,Paschke,lpaschke27@dedecms.com,Bigender,186.226.192.55
81,Clim,Lievesley,clievesley28@sogou.com,Female,108.167.175.152
82,Harwilll,Kiefer,hkiefer29@unblog.fr,Non-binary,110.199.136.239
83,Giustino,Stichel,gstichel2a@nba.com,Genderfluid,188.129.119.213
84,Sampson,Cremen,scremen2b@vimeo.com,Bigender,197.61.30.69
85,Brittaney,Gerrill,bgerrill2c@china.com.cn,Bigender,59.111.61.187
86,Normand,Oldacres,noldacres2d@theguardian.com,Bigender,116.167.149.12
87,Bentley,Mariolle,bmariolle2e@alexa.com,Female,37.194.252.184
88,Lulita,Pawley,lpawley2f@mashable.com,Genderfluid,204.133.22.213
89,Opal,Whittle,owhittle2g@domainmarket.com,Male,222.66.59.216
90,Salaidh,Duck,sduck2h@desdev.cn,Genderqueer,91.62.103.170
91,Brunhilda,Lamplough,blamplough2i@bbc.co.uk,Male,128.240.195.199
92,Tommy,Rosenschein,trosenschein2j@webs.com,Genderqueer,93.7.216.240
93,Jody,Twells,jtwells2k@dmoz.org,Bigender,125.11.140.108
94,Sherlocke,Dalloway,sdalloway2l@angelfire.com,Genderqueer,180.111.165.133
95,Corabella,Widdows,cwiddows2m@ocn.ne.jp,Polygender,126.43.19.78
96,Tito,Salerno,tsalerno2n@discovery.com,Agender,97.198.198.177
97,Thibaut,Mounce,tmounce2o@prlog.org,Polygender,187.222.69.35
98,Jakie,Tembey,jtembey2p@apache.org,Genderqueer,48.11.65.126
99,Maxwell,Doughton,mdoughton2q@army.mil,Agender,164.185.11.104
100,Ardisj,Tie,atie2r@discovery.com,Polygender,70.50.81.203
101,Prudi,Gourlie,pgourlie2s@google.ru,Genderqueer,69.205.72.39
102,Glenda,Burlay,gburlay2t@theatlantic.com,Polygender,178.148.155.196
103,Karna,Ondricek,kondricek2u@ucoz.ru,Female,177.144.140.128
104,Katerina,Cordingly,kcordingly2v@boston.com,Male,46.103.118.5
105,Sylvan,Tatershall,statershall2w@marketwatch.com,Non-binary,2.44.69.62
106,Annamarie,Simo,asimo2x@ameblo.jp,Genderqueer,190.217.164.148
107,Wilie,Whewill,wwhewill2y@weebly.com,Agender,84.244.98.172
108,Elspeth,Schuricht,eschuricht2z@comcast.net,Male,144.166.213.196
109,Barbie,Teek,bteek30@icio.us,Genderqueer,71.33.126.114
110,Melissa,Emblin,memblin31@pagesperso-orange.fr,Female,1.87.101.124
111,Waite,Tie,wtie32@craigslist.org,Genderqueer,213.189.134.166
112,Courtney,Claringbold,cclaringbold33@example.com,Female,34.235.121.69
113,Nessi,Glasheen,nglasheen34@japanpost.jp,Polygender,252.167.75.85
114,Adolphe,Grzelczak,agrzelczak35@cnet.com,Female,52.20.49.164
115,Juli,Storey,jstorey36@mediafire.com,Genderqueer,192.163.102.230
116,Mychal,Hammon,mhammon37@bloglovin.com,Agender,38.74.68.240
117,Idaline,Bezley,ibezley38@fema.gov,Non-binary,179.255.131.126
118,Rica,Diack,rdiack39@weather.com,Female,151.116.8.138
119,Clemmy,Clare,cclare3a@domainmarket.com,Female,113.172.159.133
120,Pepi,Kaufman,pkaufman3b@plala.or.jp,Bigender,111.152.81.222
121,Twyla,Shilburne,tshilburne3c@google.co.jp,Bigender,83.95.132.132
122,Carlene,Mannooch,cmannooch3d@upenn.edu,Genderqueer,163.127.143.43
123,Chrystal,Glendining,cglendining3e@parallels.com,Polygender,2.74.142.46
124,Alexandrina,Ianniello,aianniello3f@spiegel.de,Male,234.67.193.138
125,Norbert,Shillington,nshillington3g@unicef.org,Agender,176.78.137.246
126,Jermaine,Sporle,jsporle3h@cnet.com,Male,59.76.228.251
127,Bernadene,Pickthorne,bpickthorne3i@purevolume.com,Agender,223.9.114.73
128,Olivero,Dawby,odawby3j@mtv.com,Non-binary,248.53.51.218
129,Madalena,Melmar,mmelmar3k@themeforest.net,Non-binary,0.138.8.85
130,Kim,Ramard,kramard3l@mtv.com,Genderfluid,110.191.156.120
131,Tann,Proudlove,tproudlove3m@sun.com,Genderfluid,100.138.25.158
132,Gaylord,Bantock,gbantock3n@nasa.gov,Bigender,210.66.155.189
133,Sanders,Biasioli,sbiasioli3o@free.fr,Bigender,39.142.112.253
134,Michel,Losty,mlosty3p@wiley.com,Non-binary,198.203.186.48
135,Tobie,Jacobsz,tjacobsz3q@indiatimes.com,Genderfluid,41.164.93.138
136,Zachariah,Filgate,zfilgate3r@4shared.com,Genderfluid,154.167.183.70
137,Buddie,Perview,bperview3s@google.com,Female,182.78.150.192
138,Kipper,McSperron,kmcsperron3t@yahoo.co.jp,Agender,84.161.27.187
139,Hetti,Rossetti,hrossetti3u@cam.ac.uk,Polygender,100.11.24.7
140,Min,McDill,mmcdill3v@telegraph.co.uk,Female,47.168.23.98
141,Borg,Eacott,beacott3w@hugedomains.com,Agender,202.212.34.176
142,Cathy,Gligoraci,cgligoraci3x@answers.com,Non-binary,243.154.90.186
143,Tallou,Beaument,tbeaument3y@dagondesign.com,Male,146.101.50.3
144,Joseph,Gothliff,jgothliff3z@tmall.com,Bigender,167.207.121.233
145,Sarine,Hambers,shambers40@ox.ac.uk,Non-binary,19.13.178.202
146,Artus,Caldicott,acaldicott41@123-reg.co.uk,Male,137.143.125.86
147,Alfredo,Derye-Barrett,aderyebarrett42@hubpages.com,Agender,131.60.91.12
148,Beatriz,Elphinstone,belphinstone43@shinystat.com,Non-binary,242.5.126.194
149,Frederigo,Insull,finsull44@csmonitor.com,Agender,25.192.94.131
150,Seline,Dover,sdover45@seesaa.net,Genderqueer,35.30.50.46
151,Merna,Filson,mfilson46@csmonitor.com,Genderqueer,237.228.155.7
152,Benjie,Lessmare,blessmare47@auda.org.au,Agender,148.126.49.7
153,Corney,Dewsnap,cdewsnap48@youku.com,Polygender,1.207.183.6
154,Rodd,Kreber,rkreber49@is.gd,Genderqueer,3.160.245.106
155,Bethany,Yukhtin,byukhtin4a@nasa.gov,Male,51.186.184.225
156,Dorena,Corsan,dcorsan4b@unc.edu,Polygender,98.186.50.246
157,Honor,Shawel,hshawel4c@surveymonkey.com,Female,184.193.64.86
158,Martha,Restieaux,mrestieaux4d@de.vu,Agender,57.66.96.154
159,Vanni,Kerfoot,vkerfoot4e@pbs.org,Non-binary,172.229.143.123
160,Demetri,Gianotti,dgianotti4f@who.int,Genderfluid,4.31.50.55
161,Maire,Nelle,mnelle4g@tinyurl.com,Agender,79.172.187.241
162,Yorgos,Brummell,ybrummell4h@bbb.org,Bigender,172.40.78.144
163,Tova,Leathes,tleathes4i@cornell.edu,Genderfluid,145.224.177.13
164,Vassily,Fleming,vfleming4j@sphinn.com,Agender,77.135.228.55
165,Magnum,Geck,mgeck4k@creativecommons.org,Male,4.4.238.12
166,Adan,Deble,adeble4l@redcross.org,Genderfluid,11.211.248.3
167,Niccolo,Twigley,ntwigley4m@wisc.edu,Polygender,35.58.139.25
168,Maddalena,Grumbridge,mgrumbridge4n@state.gov,Genderfluid,106.10.111.82
169,Willi,Strainge,wstrainge4o@gizmodo.com,Bigender,191.125.237.59
170,Erina,Snalham,esnalham4p@sun.com,Genderfluid,24.75.237.197
171,Robena,Bresson,rbresson4q@qq.com,Genderfluid,128.45.67.169
172,Jacintha,Kamall,jkamall4r@home.pl,Agender,127.106.199.81
173,Adams,Basford,abasford4s@quantcast.com,Male,53.124.104.195
174,Juliana,Hurt,jhurt4t@addthis.com,Polygender,20.94.125.161
175,Enriqueta,Thomsen,ethomsen4u@theglobeandmail.com,Male,58.71.128.54
176,Britt,Chessman,bchessman4v@facebook.com,Genderfluid,41.9.181.17
177,Margareta,Ellings,mellings4w@nature.com,Non-binary,52.10.51.87
178,Shurlock,Kinnon,skinnon4x@ucsd.edu,Female,250.221.70.6
179,Tomi,Logg,tlogg4y@jugem.jp,Agender,106.175.23.60
180,Judie,Hawes,jhawes4z@chron.com,Female,53.200.63.23
181,Renae,Houlworth,rhoulworth50@github.com,Male,128.249.159.16
182,Bonita,Servis,bservis51@technorati.com,Female,12.175.207.81
183,Torre,Brownjohn,tbrownjohn52@mapy.cz,Genderqueer,243.98.110.8
184,Iorgo,Wiffill,iwiffill53@studiopress.com,Genderqueer,32.85.118.62
185,Adelind,Trail,atrail54@w3.org,Bigender,89.174.24.98
186,Deeanne,Thunder,dthunder55@pen.io,Genderfluid,0.17.247.3
187,Silvan,Hoyland,shoyland56@nature.com,Male,116.249.86.146
188,Darrell,Cramond,dcramond57@walmart.com,Polygender,158.96.100.88
189,Cecelia,Heinlein,cheinlein58@symantec.com,Male,3.22.187.186
190,Cristen,Magovern,cmagovern59@nps.gov,Genderqueer,254.223.2.124
191,Margareta,Kigelman,mkigelman5a@google.com,Genderfluid,20.108.100.107
192,Evangelia,Kobes,ekobes5b@cbsnews.com,Bigender,233.9.134.232
193,Trudy,Upjohn,tupjohn5c@nationalgeographic.com,Polygender,66.144.174.80
194,Chariot,Nowaczyk,cnowaczyk5d@pinterest.com,Bigender,68.87.205.223
195,Creight,Pontain,cpontain5e@bizjournals.com,Female,85.56.91.247
196,Veronique,Paulillo,vpaulillo5f@ow.ly,Female,254.26.143.69
197,Vitia,Owttrim,vowttrim5g@dailymail.co.uk,Male,131.215.230.183
198,Desiree,Bonavia,dbonavia5h@g.co,Genderfluid,169.79.64.67
199,Kory,Dyka,kdyka5i@taobao.com,Female,72.109.57.199
200,Corry,La Croce,clacroce5j@cnet.com,Male,236.56.82.13
201,Dawn,Densey,ddensey5k@cbslocal.com,Bigender,68.84.58.32
202,Cornie,Langelay,clangelay5l@1688.com,Agender,195.195.250.3
203,Meade,Tomkins,mtomkins5m@domainmarket.com,Genderqueer,187.184.250.89
204,Joshua,Sheer,jsheer5n@so-net.ne.jp,Polygender,114.0.175.33
205,Essa,Brou,ebrou5o@si.edu,Non-binary,3.67.54.239
206,Fionna,Segrave,fsegrave5p@elegantthemes.com,Agender,214.219.235.234
207,Nevil,Illem,nillem5q@weather.com,Female,41.101.7.198
208,Carlynn,Ramalhete,cramalhete5r@symantec.com,Female,108.134.39.21
209,Celene,Pentlow,cpentlow5s@wikipedia.org,Genderqueer,173.127.150.126
210,Roseanne,Seemmonds,rseemmonds5t@mashable.com,Genderqueer,79.53.191.35
211,Etan,Oxteby,eoxteby5u@cisco.com,Genderqueer,43.122.90.151
212,Gunner,Dodwell,gdodwell5v@rambler.ru,Agender,176.45.32.162
213,Zsa zsa,Wenderott,zwenderott5w@privacy.gov.au,Bigender,155.178.10.140
214,Neil,Druhan,ndruhan5x@google.com.au,Genderfluid,72.83.39.168
215,Valry,Eldritt,veldritt5y@ox.ac.uk,Female,239.200.225.22
216,Moll,Wimpeney,mwimpeney5z@newsvine.com,Male,153.153.197.84
217,Binky,Palle,bpalle60@hp.com,Polygender,47.222.18.20
218,Velvet,Undy,vundy61@usnews.com,Genderqueer,149.162.223.102
219,Jo,Crunkhurn,jcrunkhurn62@hhs.gov,Polygender,21.231.177.113
220,Vince,Vandrill,vvandrill63@unblog.fr,Polygender,240.39.71.185
221,Giuditta,Kyndred,gkyndred64@bloomberg.com,Genderfluid,93.44.144.202
222,Mariana,Soanes,msoanes65@ifeng.com,Genderfluid,118.51.68.113
223,Bondie,Loadwick,bloadwick66@mail.ru,Non-binary,21.182.17.131
224,Georgiana,Dagon,gdagon67@spotify.com,Male,188.192.137.177
225,Yurik,Esche,yesche68@ed.gov,Agender,13.134.63.238
226,Dunc,Cholomin,dcholomin69@howstuffworks.com,Polygender,50.228.141.31
227,Crysta,Kaplin,ckaplin6a@free.fr,Polygender,10.184.219.102
228,Hashim,D'Ruel,hdruel6b@delicious.com,Bigender,17.227.190.176
229,Brynn,Heliet,bheliet6c@spotify.com,Genderfluid,212.14.225.37
230,Timofei,Jedraszczyk,tjedraszczyk6d@un.org,Polygender,181.202.115.156
231,Dorine,Jaycocks,djaycocks6e@alibaba.com,Bigender,179.151.129.82
232,Eamon,Grieswood,egrieswood6f@tinyurl.com,Non-binary,218.113.26.68
233,Brook,Henrys,bhenrys6g@blogs.com,Genderfluid,211.110.44.14
234,Marisa,Verick,mverick6h@comsenz.com,Non-binary,112.6.180.252
235,Iggie,Casewell,icasewell6i@google.fr,Male,76.82.233.146
236,Stacee,Berrow,sberrow6j@jugem.jp,Genderfluid,187.27.213.116
237,Aube,Taffee,ataffee6k@chicagotribune.com,Male,230.131.173.172
238,Fleming,Lebourn,flebourn6l@taobao.com,Genderfluid,140.254.142.244
239,Sandor,Posselwhite,sposselwhite6m@simplemachines.org,Bigender,125.180.54.8
240,Jaye,Burchmore,jburchmore6n@oracle.com,Polygender,35.77.0.204
241,Krystyna,Iacovaccio,kiacovaccio6o@pbs.org,Polygender,164.224.164.25
242,Lucienne,Gregs,lgregs6p@harvard.edu,Genderfluid,171.66.175.45
243,Alidia,Andries,aandries6q@bloglines.com,Agender,64.141.245.72
244,Garik,Lochhead,glochhead6r@qq.com,Non-binary,181.229.129.168
245,Nert,Matthiae,nmatthiae6s@cargocollective.com,Female,48.123.188.80
246,Michale,Klimashevich,mklimashevich6t@weibo.com,Male,86.235.254.227
247,Marmaduke,Beverley,mbeverley6u@t.co,Female,44.142.139.119
248,Fax,Peers,fpeers6v@ca.gov,Female,64.28.139.179
249,Christalle,Link,clink6w@google.com.br,Genderfluid,41.48.57.16
250,Normy,Mc Coughan,nmccoughan6x@xrea.com,Genderfluid,94.238.77.138
251,Isadora,Shimmin,ishimmin6y@amazon.co.uk,Genderqueer,123.228.54.11
252,Chiquia,Petriello,cpetriello6z@skyrock.com,Genderfluid,51.61.183.148
253,Paton,Spary,pspary70@hubpages.com,Female,110.154.25.167
254,Kendre,Wilhelmy,kwilhelmy71@deviantart.com,Genderqueer,24.156.216.158
255,Dru,Stemp,dstemp72@163.com,Genderfluid,110.230.47.27
256,Alfonso,Archambault,aarchambault73@themeforest.net,Genderfluid,57.211.219.105
257,Randa,De Miranda,rdemiranda74@ibm.com,Male,226.219.115.177
258,Willamina,Middlehurst,wmiddlehurst75@nationalgeographic.com,Non-binary,98.82.94.50
259,Callie,Kobera,ckobera76@sciencedaily.com,Polygender,88.158.175.23
260,Jayson,Stepney,jstepney77@google.com.hk,Non-binary,55.14.78.209
261,Cherin,Coggon,ccoggon78@sciencedirect.com,Agender,117.89.77.201
262,Goldina,Neiland,gneiland79@telegraph.co.uk,Genderfluid,78.169.206.179
263,Aharon,Zellick,azellick7a@sourceforge.net,Male,57.189.219.144
264,Nola,Brenton,nbrenton7b@theatlantic.com,Genderfluid,210.165.250.210
265,Noell,Prangle,nprangle7c@usa.gov,Non-binary,250.30.80.119
266,Pieter,Di Biagio,pdibiagio7d@twitter.com,Male,162.68.29.250
267,Bradley,Somerset,bsomerset7e@netscape.com,Genderqueer,50.137.244.27
268,Ted,Norcutt,tnorcutt7f@gizmodo.com,Non-binary,51.86.226.209
269,Karola,Picken,kpicken7g@reuters.com,Female,140.6.105.94
270,Meridel,Derobert,mderobert7h@newsvine.com,Male,197.96.216.43
271,Cammie,Hatley,chatley7i@discovery.com,Female,102.70.84.117
272,Carmella,Delepine,cdelepine7j@networkadvertising.org,Genderfluid,181.216.97.138
273,Arny,Casiroli,acasiroli7k@netvibes.com,Female,161.30.141.10
274,Herculie,Middiff,hmiddiff7l@sourceforge.net,Genderfluid,135.127.240.166
275,Etti,Alday,ealday7m@yolasite.com,Agender,172.12.53.123
276,Abbey,Hardisty,ahardisty7n@nyu.edu,Genderfluid,205.183.220.31
277,Ethelind,O'Lunney,eolunney7o@studiopress.com,Female,145.50.21.202
278,Sharla,Marlin,smarlin7p@amazon.de,Genderfluid,217.109.206.4
279,Franciskus,Borgesio,fborgesio7q@printfriendly.com,Genderqueer,36.156.64.178
280,Filbert,Mutch,fmutch7r@hibu.com,Male,196.195.58.74
281,Hesther,Gibbens,hgibbens7s@arstechnica.com,Non-binary,174.106.71.181
282,Gus,Baiss,gbaiss7t@thetimes.co.uk,Agender,99.190.201.134
283,Jeana,Midghall,jmidghall7u@livejournal.com,Genderqueer,150.207.77.132
284,Martina,Corde,mcorde7v@cam.ac.uk,Female,223.140.167.56
285,Pyotr,Tosney,ptosney7w@twitpic.com,Genderqueer,68.82.153.232
286,Glen,Sherville,gsherville7x@auda.org.au,Genderqueer,48.140.180.121
287,Sharai,Dodgshun,sdodgshun7y@weather.com,Female,142.99.155.210
288,Bondon,Hugonneau,bhugonneau7z@theglobeandmail.com,Polygender,172.24.8.35
289,Karlik,Srutton,ksrutton80@europa.eu,Female,204.216.128.233
290,Verina,Press,vpress81@webs.com,Genderqueer,235.123.74.209
291,Fredrika,O'Carran,focarran82@delicious.com,Genderfluid,153.101.229.210
292,Cristie,Craigie,ccraigie83@furl.net,Polygender,225.49.33.69
293,Issiah,Lardez,ilardez84@wikispaces.com,Male,31.182.132.70
294,Sandi,De Ambrosi,sdeambrosi85@ebay.com,Male,126.234.7.125
295,Ami,Benninck,abenninck86@skype.com,Female,167.138.54.111
296,Ibby,Bowyer,ibowyer87@arstechnica.com,Agender,46.99.35.72
297,Evangelin,Pickering,epickering88@huffingtonpost.com,Polygender,216.31.193.247
298,Lacee,Gallardo,lgallardo89@lycos.com,Female,93.136.66.179
299,Merrilee,Hansemann,mhansemann8a@blogspot.com,Agender,147.122.184.14
300,Smitty,Manwaring,smanwaring8b@wikispaces.com,Non-binary,5.150.238.177
301,Dave,Hudson,dhudson8c@auda.org.au,Female,238.192.43.58
302,Byrann,Lamkin,blamkin8d@nydailynews.com,Agender,189.186.158.60
303,Winslow,Lawtie,wlawtie8e@ameblo.jp,Bigender,228.5.116.190
304,Ignace,Helbeck,ihelbeck8f@theglobeandmail.com,Genderqueer,77.110.39.205
305,Brew,Minto,bminto8g@hostgator.com,Female,40.120.255.63
306,Modesta,Boseley,mboseley8h@cnn.com,Female,47.137.107.53
307,Jean,Aronin,jaronin8i@vistaprint.com,Male,194.57.56.10
308,Mariette,Rickeard,mrickeard8j@ted.com,Bigender,104.234.85.238
309,Grady,Titherington,gtitherington8k@tripadvisor.com,Female,133.174.210.8
310,Perkin,Hoovart,phoovart8l@independent.co.uk,Agender,66.161.253.148
311,Xylina,Cullity,xcullity8m@wikispaces.com,Bigender,137.162.237.220
312,Nancy,Hartle,nhartle8n@topsy.com,Male,107.253.195.162
313,Burlie,Ffoulkes,bffoulkes8o@economist.com,Bigender,65.100.172.113
314,Sherwood,Peeter,speeter8p@plala.or.jp,Female,175.127.163.44
315,Jeanna,Rattrie,jrattrie8q@cafepress.com,Male,62.6.207.130
316,Ezra,Matteo,ematteo8r@reddit.com,Male,0.205.134.118
317,Viola,Goare,vgoare8s@hubpages.com,Male,235.248.238.216
318,Mable,Mooney,mmooney8t@booking.com,Genderqueer,47.195.114.39
319,Vincents,Napleton,vnapleton8u@engadget.com,Genderfluid,22.53.226.144
320,Cornelle,Adderley,cadderley8v@rakuten.co.jp,Male,176.174.101.160
321,Shay,D'Ruel,sdruel8w@google.ru,Genderqueer,72.92.68.178
322,Dorolice,Jozsika,djozsika8x@last.fm,Non-binary,215.37.131.196
323,Ernest,Charlick,echarlick8y@cmu.edu,Non-binary,227.44.45.131
324,Creigh,Winyard,cwinyard8z@cloudflare.com,Polygender,165.92.250.93
325,Marwin,Isac,misac90@yandex.ru,Female,132.104.188.181
326,Valli,McCambrois,vmccambrois91@bloomberg.com,Female,105.125.248.203
327,Joel,Suddell,jsuddell92@macromedia.com,Genderqueer,104.64.157.78
328,Sheffield,Aitchinson,saitchinson93@latimes.com,Genderfluid,40.112.241.222
329,Babette,Joan,bjoan94@pcworld.com,Bigender,19.160.83.10
330,Whittaker,de Courcy,wdecourcy95@sakura.ne.jp,Non-binary,239.35.198.196
331,Dinny,Suermeier,dsuermeier96@prlog.org,Polygender,98.150.18.177
332,Sidonia,McMackin,smcmackin97@umn.edu,Genderqueer,88.230.156.201
333,Maxwell,Spillett,mspillett98@webs.com,Non-binary,190.183.7.214
334,Shadow,Consterdine,sconsterdine99@netscape.com,Male,222.45.159.109
335,Becca,Garforth,bgarforth9a@weather.com,Non-binary,93.206.241.226
336,Granny,Cosans,gcosans9b@prnewswire.com,Polygender,189.36.100.62
337,Brier,Blowfield,bblowfield9c@squidoo.com,Agender,145.118.248.173
338,Timmi,Evens,tevens9d@admin.ch,Non-binary,29.54.180.248
339,Angel,Barhem,abarhem9e@wordpress.com,Non-binary,19.123.45.147
340,Raynard,Wykey,rwykey9f@amazon.co.uk,Polygender,11.215.231.244
341,Kathlin,Florio,kflorio9g@google.ca,Bigender,82.101.126.130
342,Hamlen,Knapman,hknapman9h@berkeley.edu,Agender,122.165.153.47
343,Shanon,Kirkam,skirkam9i@sakura.ne.jp,Male,166.97.100.16
344,Baxie,Crosse,bcrosse9j@seesaa.net,Agender,78.246.22.113
345,Cleo,Goldin,cgoldin9k@google.ru,Female,159.243.57.213
346,Lise,Hutchings,lhutchings9l@aboutads.info,Agender,9.128.78.225
347,Helyn,Westmore,hwestmore9m@jigsy.com,Female,243.165.200.114
348,Pippy,Woolfall,pwoolfall9n@apache.org,Polygender,35.126.44.200
349,Jeanine,Stealey,jstealey9o@chicagotribune.com,Genderfluid,14.224.216.140
350,Nicolais,Cayser,ncayser9p@discuz.net,Agender,8.244.163.63
351,Annabelle,Mehaffey,amehaffey9q@timesonline.co.uk,Polygender,78.6.21.129
352,Emmalyn,Pawelke,epawelke9r@ca.gov,Male,101.149.18.188
353,Ainslie,Fechnie,afechnie9s@xing.com,Genderfluid,202.161.73.198
354,Ruy,Grouvel,rgrouvel9t@go.com,Male,3.152.155.165
355,Pamella,Rice,price9u@lulu.com,Polygender,252.140.58.92
356,Kettie,Pensom,kpensom9v@sun.com,Bigender,199.70.45.202
357,Wit,Phillip,wphillip9w@webnode.com,Female,190.169.85.234
358,Maryrose,Ranvoise,mranvoise9x@facebook.com,Bigender,33.69.203.214
359,Merle,Krook,mkrook9y@1und1.de,Polygender,42.249.221.209
360,Dalt,Shorthill,dshorthill9z@netvibes.com,Non-binary,84.89.173.227
361,Hieronymus,Bruniges,hbrunigesa0@goo.ne.jp,Polygender,139.7.148.194
362,Wylie,Brockington,wbrockingtona1@sfgate.com,Genderqueer,44.238.102.122
363,Marysa,Ilyinykh,milyinykha2@walmart.com,Non-binary,124.15.119.91
364,Edita,Wines,ewinesa3@example.com,Polygender,195.72.9.22
365,Gan,Aishford,gaishforda4@archive.org,Genderfluid,28.68.39.46
366,Zonnya,Geeves,zgeevesa5@issuu.com,Agender,232.1.102.154
367,Tamiko,Burgane,tburganea6@ucoz.com,Non-binary,224.45.205.232
368,Dyan,Nester,dnestera7@e-recht24.de,Non-binary,198.168.168.219
369,Ole,Backe,obackea8@ucoz.com,Female,90.202.251.27
370,Scot,Hallifax,shallifaxa9@geocities.jp,Male,152.190.183.24
371,Jesselyn,Cray,jcrayaa@about.com,Agender,168.231.98.234
372,Lilias,Balchin,lbalchinab@myspace.com,Male,239.233.160.114
373,Pascal,Rivallant,privallantac@indiatimes.com,Non-binary,164.68.75.48
374,Jeni,Jack,jjackad@google.it,Bigender,70.151.168.156
375,Raviv,Lindmark,rlindmarkae@alibaba.com,Female,13.89.97.88
376,Ealasaid,Camings,ecamingsaf@xing.com,Genderfluid,108.25.170.219
377,Etti,Devin,edevinag@stanford.edu,Non-binary,163.109.179.170
378,Umeko,Zanetti,uzanettiah@themeforest.net,Non-binary,130.81.65.173
379,Reggis,Zwicker,rzwickerai@dailymail.co.uk,Bigender,2.53.152.52
380,Vachel,Ainsbury,vainsburyaj@cornell.edu,Female,25.158.171.5
381,Dexter,Dagless,ddaglessak@cisco.com,Genderqueer,7.139.174.184
382,Raymond,Thecham,rthechamal@fema.gov,Genderfluid,197.33.31.243
383,Eugenia,Fliege,efliegeam@google.pl,Genderqueer,83.147.240.65
384,Bianca,Wanklyn,bwanklynan@google.de,Non-binary,206.37.237.13
385,Hilarius,Guly,hgulyao@patch.com,Male,229.144.252.68
386,Nicola,Loud,nloudap@marketwatch.com,Male,75.178.238.227
387,Tybi,Millwater,tmillwateraq@usda.gov,Genderqueer,127.230.117.78
388,Gerianna,Deverall,gdeverallar@huffingtonpost.com,Genderfluid,47.247.231.9
389,Xena,Agiolfinger,xagiolfingeras@meetup.com,Non-binary,125.19.50.25
390,Dido,Habbijam,dhabbijamat@rambler.ru,Non-binary,15.131.111.39
391,Worth,Letchford,wletchfordau@nytimes.com,Agender,26.110.59.75
392,Paulina,MacCulloch,pmaccullochav@ebay.co.uk,Agender,17.126.182.179
393,Hill,Kern,hkernaw@bloglovin.com,Male,64.220.75.11
394,Gunar,Olorenshaw,golorenshawax@yelp.com,Non-binary,206.172.97.154
395,Dee,Windrass,dwindrassay@mapy.cz,Non-binary,89.195.193.176
396,Francesca,Evered,feveredaz@cpanel.net,Genderfluid,16.203.113.89
397,Andy,Konneke,akonnekeb0@latimes.com,Agender,30.124.243.167
398,Eartha,Reuter,ereuterb1@hao123.com,Polygender,136.249.114.201
399,Martita,Kirsopp,mkirsoppb2@alexa.com,Genderfluid,230.70.197.174
400,Blair,Guyver,bguyverb3@deviantart.com,Female,188.181.60.170
401,Banky,Alexandersen,balexandersenb4@nhs.uk,Genderfluid,204.32.115.192
402,Ava,Royall,aroyallb5@elpais.com,Polygender,42.2.192.184
403,Clemente,Lethibridge,clethibridgeb6@phoca.cz,Polygender,225.154.149.120
404,Reg,Leadstone,rleadstoneb7@netscape.com,Polygender,68.4.59.241
405,Kynthia,Minero,kminerob8@webs.com,Non-binary,34.90.115.118
406,Maurita,Issit,missitb9@liveinternet.ru,Bigender,47.210.205.190
407,Dulcia,Hise,dhiseba@engadget.com,Polygender,247.121.56.107
408,Gus,Kingsnorth,gkingsnorthbb@gizmodo.com,Genderfluid,229.135.170.98
409,Kimberli,Wase,kwasebc@edublogs.org,Female,155.194.228.67
410,Geoff,Klimt,gklimtbd@slideshare.net,Non-binary,242.75.110.43
411,Dolley,Carnaman,dcarnamanbe@ameblo.jp,Agender,234.83.17.6
412,Kamilah,Tocher,ktocherbf@paginegialle.it,Non-binary,78.76.3.117
413,Stavro,Blight,sblightbg@seesaa.net,Bigender,119.255.181.59
414,Nicolais,Copins,ncopinsbh@kickstarter.com,Bigender,243.104.214.189
415,Stavro,Aldwich,saldwichbi@miitbeian.gov.cn,Non-binary,72.218.93.38
416,Jewelle,Easlea,jeasleabj@google.pl,Polygender,125.225.178.75
417,Arlin,Wattam,awattambk@google.com.br,Non-binary,185.122.170.13
418,Petey,Foskett,pfoskettbl@gov.uk,Male,178.139.205.142
419,Berthe,Walrond,bwalrondbm@china.com.cn,Genderfluid,178.68.188.71
420,Winn,Baum,wbaumbn@naver.com,Genderfluid,248.165.115.114
421,Rozele,Willstrop,rwillstropbo@ucoz.com,Non-binary,155.21.60.223
422,Swen,Berndsen,sberndsenbp@fc2.com,Male,182.142.214.25
423,Kleon,Rutigliano,krutiglianobq@hexun.com,Bigender,184.105.179.96
424,Clerissa,O'Loghlen,cologhlenbr@scientificamerican.com,Agender,124.58.177.21
425,Anabal,Bakeup,abakeupbs@house.gov,Genderqueer,240.56.206.128
426,Sabra,Rowbottam,srowbottambt@virginia.edu,Agender,168.85.56.158
427,Cooper,Horsfield,chorsfieldbu@japanpost.jp,Genderqueer,255.97.45.45
428,Dirk,Hartford,dhartfordbv@cnn.com,Genderqueer,66.53.135.54
429,Wanda,Romayn,wromaynbw@csmonitor.com,Male,158.60.182.189
430,Angel,Whitchurch,awhitchurchbx@studiopress.com,Genderqueer,209.169.101.201
431,Lowe,Shenton,lshentonby@guardian.co.uk,Genderqueer,155.42.48.216
432,Karmen,Ainsworth,kainsworthbz@meetup.com,Female,20.34.160.30
433,Terrijo,Riatt,triattc0@opensource.org,Male,26.192.217.116
434,Rustie,Ondrusek,rondrusekc1@slashdot.org,Bigender,7.22.210.38
435,Alyson,Logie,alogiec2@opensource.org,Female,120.193.201.39
436,Uta,Izatson,uizatsonc3@gizmodo.com,Agender,234.154.196.36
437,Amory,Kibby,akibbyc4@mit.edu,Genderqueer,39.128.61.186
438,Malcolm,Lutwyche,mlutwychec5@networksolutions.com,Genderqueer,73.7.125.167
439,Amalea,Ghilardini,aghilardinic6@aboutads.info,Polygender,248.15.26.137
440,Roxie,Coldham,rcoldhamc7@google.com.br,Polygender,123.122.125.193
441,Jdavie,Garfield,jgarfieldc8@artisteer.com,Female,102.73.193.28
442,Gilligan,Dunthorn,gdunthornc9@smugmug.com,Bigender,207.160.172.195
443,Lianna,Braddock,lbraddockca@ca.gov,Bigender,17.21.161.251
444,Kareem,Estcot,kestcotcb@mediafire.com,Bigender,178.146.35.26
445,Rochester,Geering,rgeeringcc@51.la,Female,182.185.159.102
446,Karine,Bristo,kbristocd@comsenz.com,Female,248.217.251.167
447,Jeanette,Willets,jwilletsce@illinois.edu,Genderqueer,128.52.188.81
448,Douglass,McMackin,dmcmackincf@imdb.com,Agender,91.150.139.148
449,Nettle,Le Quesne,nlequesnecg@etsy.com,Non-binary,39.138.11.88
450,Vladamir,Banes,vbanesch@state.tx.us,Non-binary,8.197.184.119
451,Lindsey,Dowd,ldowdci@github.com,Non-binary,48.21.120.89
452,Tessi,McLevie,tmcleviecj@uiuc.edu,Bigender,189.168.188.148
453,Kamila,Bozward,kbozwardck@microsoft.com,Genderfluid,144.200.99.7
454,Roxy,De Cruz,rdecruzcl@jalbum.net,Bigender,30.205.126.29
455,Hershel,Dyball,hdyballcm@cornell.edu,Polygender,223.217.33.161
456,Chance,Tittershill,ctittershillcn@a8.net,Male,142.179.216.77
457,Mervin,Tippler,mtipplerco@dropbox.com,Polygender,32.0.70.172
458,Xenos,Bachs,xbachscp@chronoengine.com,Female,4.81.203.253
459,Isak,Cashman,icashmancq@flickr.com,Bigender,46.198.120.182
460,Antoinette,Powder,apowdercr@rambler.ru,Female,4.159.206.213
461,Aura,D'Ambrogi,adambrogics@businesswire.com,Genderfluid,68.244.252.26
462,Dorey,Munn,dmunnct@amazon.co.uk,Polygender,78.14.164.225
463,Alfie,Novkovic,anovkoviccu@cam.ac.uk,Bigender,180.121.238.162
464,Sarina,Baynard,sbaynardcv@hibu.com,Genderfluid,90.144.171.228
465,Perle,Hulstrom,phulstromcw@feedburner.com,Female,104.148.3.91
466,Stephani,Kield,skieldcx@mozilla.com,Male,159.47.64.60
467,Paola,Rome,promecy@washington.edu,Agender,77.249.76.238
468,Berri,Howroyd,bhowroydcz@nyu.edu,Male,135.100.38.254
469,Fran,Muehler,fmuehlerd0@indiatimes.com,Female,40.77.49.178
470,Wylma,Marqyes,wmarqyesd1@wikispaces.com,Genderfluid,14.84.30.148
471,Taffy,Wale,twaled2@imdb.com,Male,221.242.131.64
472,Jerrie,Bransden,jbransdend3@sciencedirect.com,Female,208.136.246.57
473,Jere,Champ,jchampd4@timesonline.co.uk,Polygender,123.165.86.224
474,Junie,Edlyn,jedlynd5@godaddy.com,Polygender,81.198.163.220
475,Othelia,Alastair,oalastaird6@accuweather.com,Genderqueer,185.89.175.69
476,Elsi,Powlesland,epowleslandd7@theguardian.com,Female,5.123.108.59
477,Rick,Dyett,rdyettd8@blog.com,Male,247.69.193.142
478,Alysa,Tant,atantd9@smh.com.au,Agender,151.175.148.81
479,Benedicto,Frowing,bfrowingda@1688.com,Non-binary,192.27.166.244
480,Kizzee,Cornwall,kcornwalldb@washingtonpost.com,Genderqueer,102.32.150.206
481,Tad,De Malchar,tdemalchardc@indiatimes.com,Male,12.162.171.28
482,Phaedra,Ygo,pygodd@npr.org,Genderqueer,126.191.150.36
483,Harlan,Skate,hskatede@ameblo.jp,Genderqueer,106.99.4.113
484,Ira,Swanne,iswannedf@bbc.co.uk,Non-binary,217.128.252.88
485,Valerye,Ketchen,vketchendg@topsy.com,Male,228.50.64.133
486,Correna,Bickford,cbickforddh@domainmarket.com,Male,58.57.181.10
487,Muire,Stirton,mstirtondi@paginegialle.it,Non-binary,107.212.138.45
488,Pepe,Warfield,pwarfielddj@csmonitor.com,Non-binary,159.191.56.217
489,Sissy,Gilpin,sgilpindk@yahoo.co.jp,Genderqueer,38.96.38.222
490,Hallie,O'Lahy,holahydl@com.com,Agender,157.47.74.255
491,Rivy,Capp,rcappdm@prlog.org,Agender,154.212.150.83
492,Uta,Beacham,ubeachamdn@cnbc.com,Genderqueer,78.64.112.99
493,Enid,Tickel,etickeldo@yelp.com,Genderfluid,113.192.115.197
494,Adelind,Lesper,alesperdp@networksolutions.com,Non-binary,239.244.213.68
495,Rodolph,Barden,rbardendq@huffingtonpost.com,Female,16.102.129.112
496,Prentice,Raspin,praspindr@hexun.com,Agender,153.150.254.151
497,Philomena,Hush,phushds@nba.com,Genderfluid,8.50.45.51
498,Bay,Toun,btoundt@friendfeed.com,Polygender,132.34.184.138
499,Stanislas,Davidman,sdavidmandu@angelfire.com,Genderqueer,118.234.9.169
500,Jermain,Yezafovich,jyezafovichdv@e-recht24.de,Polygender,90.50.251.252
501,Ruby,Nemchinov,rnemchinovdw@addtoany.com,Non-binary,56.43.82.198
502,Melissa,Ossenna,mossennadx@booking.com,Polygender,42.176.27.148
503,Rosemonde,Halbard,rhalbarddy@deliciousdays.com,Bigender,197.93.72.33
504,Phillipe,Scrimgeour,pscrimgeourdz@webmd.com,Polygender,69.13.141.120
505,Halsy,McVicker,hmcvickere0@java.com,Agender,155.54.18.255
506,Bria,Goulding,bgouldinge1@toplist.cz,Male,32.70.61.125
507,Kennan,Bottjer,kbottjere2@webmd.com,Polygender,149.80.215.69
508,Arte,Renbold,arenbolde3@meetup.com,Polygender,114.53.115.210
509,Domenic,Joron,djorone4@wikimedia.org,Agender,142.195.115.122
510,Rivalee,Bench,rbenche5@github.com,Non-binary,252.240.196.240
511,Morten,Tidbury,mtidburye6@aol.com,Bigender,73.26.216.246
512,Elle,Cockroft,ecockrofte7@cocolog-nifty.com,Male,57.231.7.131
513,Boris,McCourt,bmccourte8@pcworld.com,Polygender,118.178.31.6
514,Adelheid,Braunstein,abraunsteine9@nationalgeographic.com,Genderfluid,133.4.226.26
515,Daryl,Winley,dwinleyea@stanford.edu,Female,48.153.24.172
516,Myrilla,Clendennen,mclendenneneb@umich.edu,Female,225.238.185.117
517,Allie,Iannini,aianniniec@dagondesign.com,Female,240.107.178.163
518,Paten,Harman,pharmaned@pagesperso-orange.fr,Female,72.184.55.84
519,Rick,Loram,rloramee@ft.com,Non-binary,245.224.20.13
520,Sharona,De la Yglesias,sdelayglesiasef@google.fr,Bigender,193.194.121.18
521,Erda,Rimell,erimelleg@odnoklassniki.ru,Polygender,112.3.216.59
522,Brigham,Chapiro,bchapiroeh@a8.net,Polygender,53.249.41.222
523,Grady,Keller,gkellerei@cnn.com,Female,162.160.109.225
524,Edmon,Slimming,eslimmingej@noaa.gov,Agender,29.62.14.17
525,Regen,Rottger,rrottgerek@mysql.com,Genderfluid,236.32.206.145
526,Cheri,Eckert,ceckertel@washington.edu,Male,149.69.218.189
527,Collie,Weeks,cweeksem@theguardian.com,Genderfluid,152.106.28.24
528,Elsinore,Entreis,eentreisen@nbcnews.com,Non-binary,63.148.171.70
529,Twila,Bernucci,tbernuccieo@salon.com,Polygender,174.183.13.35
530,Hatty,Sibbson,hsibbsonep@hhs.gov,Genderfluid,219.207.93.232
531,Conant,Easterling,ceasterlingeq@ehow.com,Genderqueer,26.220.162.175
532,Jens,Battin,jbattiner@statcounter.com,Male,30.194.98.200
533,Evangeline,Shawyers,eshawyerses@domainmarket.com,Bigender,144.178.223.177
534,Eleonore,Guthrum,eguthrumet@smh.com.au,Agender,186.117.252.199
535,Rivi,Huntington,rhuntingtoneu@deliciousdays.com,Male,30.33.35.150
536,Corrie,Takos,ctakosev@themeforest.net,Female,131.193.241.25
537,Catlaina,Rawsthorne,crawsthorneew@washingtonpost.com,Polygender,46.202.145.97
538,Ailee,Wathall,awathallex@1und1.de,Female,255.133.86.100
539,Dolf,Streeton,dstreetoney@miitbeian.gov.cn,Agender,142.200.203.138
540,Herbert,Maddigan,hmaddiganez@blinklist.com,Bigender,15.80.208.167
541,Sharline,Woodson,swoodsonf0@who.int,Agender,31.69.101.240
542,Torie,Postgate,tpostgatef1@admin.ch,Bigender,144.117.48.170
543,Ave,Binden,abindenf2@qq.com,Bigender,84.6.16.74
544,Elsey,Brookwood,ebrookwoodf3@engadget.com,Genderfluid,164.29.44.122
545,Berti,Gath,bgathf4@weibo.com,Non-binary,218.232.249.131
546,Dynah,Risson,drissonf5@etsy.com,Male,88.255.228.15
547,Lindsay,Peterken,lpeterkenf6@smh.com.au,Genderqueer,190.244.138.61
548,Gwendolen,Fairfoul,gfairfoulf7@globo.com,Agender,136.115.54.1
549,Dorine,Malam,dmalamf8@mac.com,Bigender,166.78.111.167
550,Marillin,Etherington,metheringtonf9@umich.edu,Bigender,1.55.110.128
551,Foster,Blanque,fblanquefa@de.vu,Bigender,72.237.98.133
552,Jacqueline,Swayne,jswaynefb@utexas.edu,Bigender,81.173.32.128
553,Jordain,Thorsen,jthorsenfc@topsy.com,Genderqueer,116.85.9.143
554,Elladine,Etteridge,eetteridgefd@google.nl,Polygender,86.71.54.28
555,Jorge,MacGarrity,jmacgarrityfe@exblog.jp,Genderqueer,214.18.101.239
556,Sissy,Trevarthen,strevarthenff@yellowbook.com,Male,27.185.16.110
557,Scott,Lovelady,sloveladyfg@ucla.edu,Female,95.148.193.162
558,Raimundo,Stork,rstorkfh@netlog.com,Agender,19.230.245.73
559,Petr,Mansel,pmanselfi@homestead.com,Agender,230.6.177.192
560,Wood,Dorcey,wdorceyfj@freewebs.com,Non-binary,218.96.136.202
561,Nap,Wastell,nwastellfk@ezinearticles.com,Genderfluid,168.136.36.214
562,Jewel,Romanski,jromanskifl@dmoz.org,Polygender,86.10.246.137
563,Shurlocke,Benedyktowicz,sbenedyktowiczfm@nsw.gov.au,Male,94.28.185.152
564,Winny,Ferrige,wferrigefn@barnesandnoble.com,Genderfluid,61.17.225.88
565,Livy,Sproson,lsprosonfo@foxnews.com,Agender,12.135.31.31
566,Yule,Ancketill,yancketillfp@time.com,Polygender,228.101.13.47
567,Sybilla,Lethieulier,slethieulierfq@i2i.jp,Female,188.162.182.60
568,Gillan,Collinson,gcollinsonfr@cbc.ca,Genderfluid,85.202.47.29
569,Welch,Newport,wnewportfs@ted.com,Non-binary,11.1.13.93
570,Baillie,Fancet,bfancetft@springer.com,Male,112.218.156.53
571,Dorette,Meddemmen,dmeddemmenfu@state.tx.us,Genderqueer,28.230.37.125
572,Drucie,Kingett,dkingettfv@discovery.com,Bigender,20.100.77.150
573,Caren,Billie,cbilliefw@cnn.com,Bigender,253.216.183.188
574,Emalia,Hankins,ehankinsfx@topsy.com,Female,21.165.182.212
575,Bobby,Bolwell,bbolwellfy@msn.com,Bigender,49.165.24.197
576,Bailie,Markus,bmarkusfz@cyberchimps.com,Male,161.63.77.180
577,Benedetto,Slocomb,bslocombg0@cnbc.com,Male,87.76.26.14
578,Bondie,Conibere,bconibereg1@over-blog.com,Genderfluid,98.22.64.84
579,Nestor,Pulley,npulleyg2@privacy.gov.au,Genderqueer,66.151.128.37
580,Sutherland,Pellamont,spellamontg3@youku.com,Bigender,143.30.165.203
581,Darell,Whittenbury,dwhittenburyg4@nasa.gov,Bigender,22.13.0.164
582,Wilfred,Fencott,wfencottg5@livejournal.com,Bigender,171.78.234.41
583,Bryn,Selcraig,bselcraigg6@cafepress.com,Bigender,222.191.135.0
584,Tandi,Kordes,tkordesg7@discovery.com,Male,189.128.141.49
585,Klarika,Swatridge,kswatridgeg8@mashable.com,Genderqueer,174.33.6.102
586,Igor,Singyard,isingyardg9@zimbio.com,Male,117.193.132.152
587,Sidonnie,Manterfield,smanterfieldga@dropbox.com,Male,38.194.114.10
588,Rozalie,Droghan,rdroghangb@tumblr.com,Polygender,21.235.88.30
589,Jeana,Tessington,jtessingtongc@wisc.edu,Female,70.176.100.9
590,Theodor,Rieme,triemegd@skype.com,Polygender,64.228.83.150
591,Annora,Bloy,abloyge@woothemes.com,Agender,53.243.144.99
592,Grete,Brooks,gbrooksgf@walmart.com,Non-binary,56.85.170.41
593,Janis,Lutas,jlutasgg@admin.ch,Polygender,112.183.175.136
594,Victoir,Dreghorn,vdreghorngh@ft.com,Male,9.39.210.189
595,Fanny,Culross,fculrossgi@craigslist.org,Bigender,156.134.239.246
596,Letty,Swindells,lswindellsgj@nytimes.com,Agender,194.97.139.156
597,Milicent,Pethrick,mpethrickgk@biblegateway.com,Male,62.216.167.215
598,Manfred,Whyke,mwhykegl@baidu.com,Bigender,150.182.58.72
599,Grannie,Phizaclea,gphizacleagm@psu.edu,Non-binary,172.191.44.17
600,Dugald,Pyecroft,dpyecroftgn@gizmodo.com,Genderfluid,13.38.254.37
601,Petey,Casini,pcasinigo@networkadvertising.org,Genderqueer,67.44.120.135
602,Carrissa,Ranaghan,cranaghangp@microsoft.com,Genderqueer,36.96.129.142
603,Opalina,Rodway,orodwaygq@sciencedirect.com,Male,125.239.79.24
604,Fayth,Jumont,fjumontgr@netlog.com,Genderfluid,220.34.115.96
605,Indira,Gerlts,igerltsgs@bing.com,Genderfluid,250.98.181.231
606,Reinhold,Adnett,radnettgt@ebay.com,Female,191.124.121.188
607,Orelia,Guilliland,oguillilandgu@reference.com,Male,243.110.189.16
608,Mollie,Gutridge,mgutridgegv@reuters.com,Polygender,231.211.238.108
609,Torie,Leadbitter,tleadbittergw@redcross.org,Male,6.215.70.68
610,Dix,Priter,dpritergx@mtv.com,Genderqueer,44.76.85.191
611,Chucho,Grubey,cgrubeygy@prweb.com,Non-binary,197.160.4.94
612,Goldi,Van den Velde,gvandenveldegz@unesco.org,Polygender,143.38.204.228
613,Ogden,Lacroux,olacrouxh0@cam.ac.uk,Bigender,100.94.231.181
614,Nataline,Wabb,nwabbh1@weibo.com,Non-binary,50.130.49.124
615,Nikki,Kinnock,nkinnockh2@dailymotion.com,Genderfluid,238.35.59.142
616,Merrill,Nuzzti,mnuzztih3@tamu.edu,Polygender,213.211.162.76
617,Edeline,Crew,ecrewh4@sbwire.com,Agender,50.100.68.84
618,Orelee,Mathews,omathewsh5@moonfruit.com,Male,122.216.251.9
619,Krystal,Schultze,kschultzeh6@blog.com,Bigender,56.230.164.122
620,Bel,Beake,bbeakeh7@simplemachines.org,Genderqueer,245.73.52.57
621,Joyan,Domnick,jdomnickh8@cdc.gov,Agender,67.231.83.160
622,Benedict,Filyaev,bfilyaevh9@skype.com,Non-binary,33.101.104.253
623,Kayle,Andresen,kandresenha@unc.edu,Non-binary,11.77.175.90
624,Hunter,Collyns,hcollynshb@upenn.edu,Bigender,7.88.149.225
625,Arron,Romer,aromerhc@symantec.com,Polygender,39.244.43.205
626,Charley,Vankeev,cvankeevhd@hhs.gov,Genderfluid,192.145.104.231
627,Marlon,Tiddy,mtiddyhe@hc360.com,Non-binary,102.79.217.163
628,Dean,Hamlin,dhamlinhf@census.gov,Male,83.22.195.32
629,Bevin,Wisden,bwisdenhg@cdc.gov,Genderfluid,193.10.118.20
630,Hazel,Coggill,hcoggillhh@multiply.com,Female,4.210.228.99
631,Donnell,Moreton,dmoretonhi@twitter.com,Male,189.94.217.24
632,Ema,Kippax,ekippaxhj@dropbox.com,Non-binary,240.243.52.146
633,Laurene,Laydon,llaydonhk@tripadvisor.com,Male,43.142.169.249
634,Roch,Ughetti,rughettihl@github.com,Non-binary,78.117.212.252
635,Upton,Gentric,ugentrichm@yelp.com,Genderqueer,10.186.11.84
636,Brendon,Salandino,bsalandinohn@reverbnation.com,Polygender,155.28.100.105
637,Tabbitha,Beachem,tbeachemho@businessweek.com,Non-binary,154.202.120.206
638,Camey,Seyers,cseyershp@shop-pro.jp,Agender,159.3.166.124
639,Chloris,Albert,calberthq@usda.gov,Male,83.87.12.38
640,Angel,Worledge,aworledgehr@walmart.com,Agender,248.229.195.4
641,Rosabelle,Smallwood,rsmallwoodhs@google.com,Agender,251.207.49.226
642,Dukie,Raggitt,draggittht@shinystat.com,Agender,4.247.108.17
643,Asa,Gitsham,agitshamhu@engadget.com,Male,178.161.117.237
644,Katya,Hadwick,khadwickhv@springer.com,Bigender,86.94.88.89
645,Corabel,Ricciardello,cricciardellohw@hao123.com,Bigender,118.234.145.101
646,Cecile,Stannering,cstanneringhx@blog.com,Agender,38.163.34.165
647,Valeria,Hardy-Piggin,vhardypigginhy@senate.gov,Polygender,143.205.239.156
648,Arnie,Strutz,astrutzhz@mapquest.com,Non-binary,114.156.252.77
649,Noelyn,Creed,ncreedi0@hhs.gov,Female,204.59.98.237
650,Aaren,Lechmere,alechmerei1@nsw.gov.au,Male,38.125.204.37
651,Nicolis,Recher,nrecheri2@geocities.com,Agender,220.159.66.16
652,Georgie,Loch,glochi3@toplist.cz,Non-binary,157.21.249.31
653,Sibilla,Ollerton,sollertoni4@parallels.com,Polygender,188.41.49.115
654,Dorri,Skittles,dskittlesi5@wordpress.com,Female,161.85.245.37
655,Zach,Rees,zreesi6@mit.edu,Bigender,210.245.113.166
656,Heidie,Acheson,hachesoni7@china.com.cn,Genderfluid,201.23.112.135
657,Verney,Tilliards,vtilliardsi8@discovery.com,Genderfluid,198.15.247.30
658,Stevy,Brittoner,sbrittoneri9@plala.or.jp,Genderfluid,103.194.14.90
659,Fernando,Cicetti,fcicettiia@about.com,Female,62.74.194.19
660,Amerigo,Yter,ayterib@hp.com,Polygender,57.187.252.168
661,Skyler,Krzyzanowski,skrzyzanowskiic@constantcontact.com,Bigender,28.86.112.169
662,Irvin,Vicent,ivicentid@a8.net,Genderqueer,34.248.31.46
663,Odey,Martijn,omartijnie@homestead.com,Male,37.218.145.167
664,Reeta,Reek,rreekif@lulu.com,Male,39.9.30.153
665,Jessamyn,Ridhole,jridholeig@moonfruit.com,Polygender,246.210.39.168
666,Vite,Fromant,vfromantih@umich.edu,Non-binary,56.189.90.66
667,Hildy,Beach,hbeachii@canalblog.com,Male,11.56.184.47
668,Karim,Dashper,kdashperij@slideshare.net,Genderfluid,40.1.93.230
669,Hayyim,Mattosoff,hmattosoffik@macromedia.com,Agender,80.139.152.140
670,Tova,Colwell,tcolwellil@yandex.ru,Agender,92.52.6.158
671,Shari,Johnikin,sjohnikinim@netscape.com,Bigender,29.211.11.121
672,Stanislaus,Baynton,sbayntonin@istockphoto.com,Non-binary,236.87.255.230
673,Gisela,Varney,gvarneyio@rediff.com,Genderfluid,101.200.29.102
674,Sky,Confait,sconfaitip@shop-pro.jp,Genderfluid,220.44.164.6
675,Seymour,Saltrese,ssaltreseiq@washingtonpost.com,Non-binary,17.206.153.118
676,Talbert,Meatyard,tmeatyardir@webeden.co.uk,Female,39.3.156.196
677,Denis,Delph,ddelphis@studiopress.com,Female,249.4.3.155
678,Cameron,Tidswell,ctidswellit@msn.com,Agender,174.66.86.127
679,Cilka,McCadden,cmccaddeniu@apple.com,Non-binary,6.40.0.40
680,Lyn,Pemberton,lpembertoniv@nasa.gov,Polygender,240.73.186.219
681,Bruno,Allflatt,ballflattiw@admin.ch,Genderqueer,136.203.164.149
682,Giorgio,Iacoboni,giacoboniix@google.ca,Genderfluid,136.246.155.73
683,Ahmed,Burgett,aburgettiy@imgur.com,Bigender,142.53.195.70
684,Remy,Karpman,rkarpmaniz@vk.com,Male,179.130.177.194
685,Alli,Tattersfield,atattersfieldj0@sun.com,Genderqueer,186.53.195.67
686,Jaimie,Lishman,jlishmanj1@illinois.edu,Bigender,195.119.195.177
687,Thurstan,Heyfield,theyfieldj2@multiply.com,Male,46.47.56.152
688,Chrotoem,Hawkes,chawkesj3@utexas.edu,Genderqueer,191.71.213.121
689,Millicent,Summerson,msummersonj4@ed.gov,Male,211.251.30.133
690,Laverna,Petz,lpetzj5@google.de,Non-binary,138.30.185.229
691,Ursola,Beel,ubeelj6@abc.net.au,Male,74.132.20.171
692,Martainn,Sooley,msooleyj7@netvibes.com,Polygender,50.80.134.197
693,Levey,Danby,ldanbyj8@ehow.com,Genderqueer,109.200.225.72
694,Vinnie,Gannaway,vgannawayj9@woothemes.com,Bigender,135.73.127.91
695,Zonnya,Muffitt,zmuffittja@drupal.org,Genderfluid,156.20.125.26
696,Geneva,Warhurst,gwarhurstjb@surveymonkey.com,Non-binary,83.200.211.7
697,Darda,Rawlin,drawlinjc@shop-pro.jp,Polygender,226.93.87.75
698,Pegeen,Kincla,pkinclajd@wunderground.com,Non-binary,160.211.237.187
699,Krysta,Wyper,kwyperje@mediafire.com,Genderfluid,18.108.66.196
700,Ardis,Mateuszczyk,amateuszczykjf@g.co,Bigender,30.129.36.108
701,Jeanelle,Leveridge,jleveridgejg@infoseek.co.jp,Genderfluid,208.76.194.109
702,Tarah,Van der Kruys,tvanderkruysjh@spotify.com,Agender,251.51.7.175
703,Meriel,Tortoise,mtortoiseji@ucoz.ru,Non-binary,69.92.156.195
704,Steffen,Bousquet,sbousquetjj@spotify.com,Female,100.101.68.244
705,Hinze,Wohlers,hwohlersjk@uol.com.br,Non-binary,138.108.48.43
706,Byrle,Pipping,bpippingjl@drupal.org,Male,20.142.215.208
707,Benedicto,Charrisson,bcharrissonjm@msu.edu,Bigender,209.102.108.62
708,Bradford,Trulock,btrulockjn@cam.ac.uk,Genderfluid,248.88.187.174
709,Grant,Baytrop,gbaytropjo@google.nl,Male,76.74.212.77
710,Annmarie,Bytheway,abythewayjp@dion.ne.jp,Non-binary,189.196.73.233
711,Cristionna,Lillford,clillfordjq@moonfruit.com,Genderfluid,212.127.89.160
712,Dino,Catt,dcattjr@slate.com,Bigender,148.119.153.139
713,Alexina,Laurencot,alaurencotjs@amazon.com,Polygender,53.131.90.40
714,Gav,Dessent,gdessentjt@liveinternet.ru,Non-binary,92.125.11.4
715,Jyoti,Clague,jclagueju@forbes.com,Polygender,95.82.12.113
716,Lora,Lorking,llorkingjv@craigslist.org,Genderfluid,227.148.121.11
717,Jenica,Greste,jgrestejw@bandcamp.com,Polygender,127.103.212.61
718,Mureil,Cornwell,mcornwelljx@shinystat.com,Agender,41.251.52.72
719,Rubie,Nizet,rnizetjy@google.pl,Agender,189.219.156.201
720,Clayton,Palatini,cpalatinijz@taobao.com,Bigender,126.45.220.153
721,Dolly,Greg,dgregk0@about.me,Bigender,101.115.150.149
722,Janette,Sjostrom,jsjostromk1@blogger.com,Male,169.213.230.115
723,Joeann,Bullivant,jbullivantk2@adobe.com,Genderfluid,119.60.188.35
724,Patricio,Pedron,ppedronk3@behance.net,Male,105.105.254.80
725,Sonnie,Gallahue,sgallahuek4@topsy.com,Genderfluid,197.70.108.28
726,Philipa,Pavie,ppaviek5@latimes.com,Bigender,22.87.152.143
727,Donall,Cotterel,dcotterelk6@cbsnews.com,Polygender,26.14.50.249
728,Dru,Bagott,dbagottk7@tinyurl.com,Polygender,218.117.64.21
729,Audrye,Baurerich,abaurerichk8@hc360.com,Bigender,152.219.142.33
730,Lorri,Nice,lnicek9@networkadvertising.org,Agender,67.95.42.46
731,Jorrie,Beadel,jbeadelka@smugmug.com,Genderqueer,20.163.182.38
732,Paige,Suett,psuettkb@forbes.com,Agender,55.152.223.228
733,Maurita,McCarver,mmccarverkc@census.gov,Bigender,215.135.171.51
734,Violante,Stocky,vstockykd@pagesperso-orange.fr,Bigender,212.17.166.51
735,Lynnell,Hadgkiss,lhadgkisske@nature.com,Female,11.7.117.32
736,Kendricks,Prophet,kprophetkf@cdc.gov,Genderfluid,78.0.30.109
737,Jeno,Ormesher,jormesherkg@squidoo.com,Female,70.170.32.168
738,Blondie,Cartmill,bcartmillkh@msu.edu,Polygender,248.210.68.70
739,Olav,Stewartson,ostewartsonki@bloglines.com,Male,177.118.60.101
740,Janice,Michelotti,jmichelottikj@shop-pro.jp,Bigender,118.160.25.135
741,Nanny,Edlyn,nedlynkk@goo.ne.jp,Genderfluid,8.251.136.54
742,Geordie,Lilburne,glilburnekl@e-recht24.de,Non-binary,7.8.235.201
743,Mellicent,Jodlowski,mjodlowskikm@usgs.gov,Genderqueer,24.143.114.241
744,Ailina,Huet,ahuetkn@paginegialle.it,Agender,239.250.90.15
745,Lindy,Bastard,lbastardko@1und1.de,Agender,182.241.113.196
746,Portie,Jorez,pjorezkp@deliciousdays.com,Female,21.75.106.113
747,Ruddie,Faltskog,rfaltskogkq@tiny.cc,Male,137.173.164.88
748,Kimbell,Erie,keriekr@mit.edu,Male,52.19.214.142
749,Quint,Howton,qhowtonks@symantec.com,Polygender,14.81.50.106
750,Spenser,Stroobant,sstroobantkt@arstechnica.com,Non-binary,240.105.92.127
751,Marius,Totaro,mtotaroku@europa.eu,Genderfluid,36.115.129.126
752,Luis,Meach,lmeachkv@digg.com,Genderqueer,225.142.114.180
753,Bernelle,Goldsbury,bgoldsburykw@ox.ac.uk,Bigender,168.156.55.192
754,Rey,Shallcroff,rshallcroffkx@time.com,Polygender,46.115.152.111
755,Trevor,Aleixo,taleixoky@un.org,Male,117.92.46.214
756,Debi,Deverall,ddeverallkz@samsung.com,Agender,128.77.200.20
757,Carmon,Braams,cbraamsl0@dedecms.com,Agender,24.31.246.177
758,Maybelle,Girsch,mgirschl1@state.tx.us,Polygender,17.72.12.232
759,Kennedy,Biddell,kbiddelll2@eventbrite.com,Female,142.25.100.248
760,Trixie,Hugueville,thuguevillel3@multiply.com,Genderqueer,224.60.189.83
761,Carina,Collihole,ccolliholel4@ucoz.com,Genderfluid,136.162.138.135
762,Zach,Clemot,zclemotl5@wsj.com,Male,16.219.131.126
763,Cob,Colbron,ccolbronl6@google.com.au,Female,123.212.102.198
764,Tyrus,Kelloch,tkellochl7@cafepress.com,Bigender,6.195.43.84
765,Ray,Cellone,rcellonel8@uiuc.edu,Polygender,151.2.204.248
766,Fletcher,Jeffries,fjeffriesl9@nifty.com,Bigender,38.240.241.246
767,Alphard,Worsalls,aworsallsla@businessweek.com,Genderfluid,12.171.247.120
768,Alphard,Gamlin,agamlinlb@boston.com,Genderfluid,146.1.255.51
769,Belia,Luetkemeyers,bluetkemeyerslc@blogtalkradio.com,Female,107.53.211.100
770,Lorne,Irons,lironsld@bbc.co.uk,Bigender,36.195.10.115
771,Victoria,Perotti,vperottile@dailymail.co.uk,Male,79.42.201.152
772,Carl,Timblett,ctimblettlf@yelp.com,Polygender,209.226.70.49
773,Lonni,Hulstrom,lhulstromlg@hao123.com,Non-binary,13.250.132.33
774,Amalle,McKirdy,amckirdylh@linkedin.com,Agender,89.69.239.56
775,Etty,Scadding,escaddingli@vistaprint.com,Genderqueer,219.64.246.217
776,Ferris,Morena,fmorenalj@gov.uk,Bigender,30.52.167.56
777,Antonina,Leftly,aleftlylk@apple.com,Non-binary,1.40.179.16
778,Aleda,Maleby,amalebyll@webeden.co.uk,Genderfluid,160.23.205.36
779,Elia,Trehearne,etrehearnelm@webmd.com,Agender,183.101.199.244
780,Aretha,Fassam,afassamln@vkontakte.ru,Male,245.42.88.112
781,Toma,Pook,tpooklo@newyorker.com,Bigender,200.112.35.147
782,Barrie,Kleint,bkleintlp@engadget.com,Bigender,12.72.78.166
783,Dannel,Bycraft,dbycraftlq@instagram.com,Genderqueer,196.37.108.203
784,Sarette,Loyd,sloydlr@biblegateway.com,Genderfluid,160.153.50.118
785,Kalli,Arends,karendsls@thetimes.co.uk,Bigender,183.203.28.233
786,Seamus,Crowne,scrownelt@utexas.edu,Female,75.102.130.93
787,Suzie,Berrick,sberricklu@phpbb.com,Male,19.173.58.219
788,Susy,Tampin,stampinlv@g.co,Female,143.244.54.103
789,Wendall,McEntee,wmcenteelw@lycos.com,Polygender,190.253.19.194
790,Beau,Gilman,bgilmanlx@redcross.org,Bigender,89.188.157.152
791,Berny,Marwick,bmarwickly@comcast.net,Genderfluid,137.246.204.130
792,Glyn,Welham,gwelhamlz@mac.com,Agender,9.131.70.57
793,Elinor,Jacomb,ejacombm0@wufoo.com,Female,223.102.237.116
794,Jerrine,Muselli,jmusellim1@ow.ly,Polygender,137.90.253.130
795,Catriona,Scafe,cscafem2@archive.org,Male,102.156.27.137
796,Kore,Woof,kwoofm3@bandcamp.com,Female,90.161.157.14
797,Tobe,Downs,tdownsm4@godaddy.com,Polygender,158.197.203.40
798,Brok,Alvar,balvarm5@moonfruit.com,Female,127.164.90.204
799,Phedra,Southerns,psouthernsm6@slashdot.org,Genderqueer,179.45.234.101
800,Julianne,Barclay,jbarclaym7@smh.com.au,Male,15.28.73.181
801,Rozamond,Bouller,rboullerm8@squidoo.com,Non-binary,103.191.141.253
802,Leighton,Hars,lharsm9@columbia.edu,Genderqueer,72.131.251.69
803,Shawna,Braybrooks,sbraybrooksma@sfgate.com,Female,209.117.148.153
804,Tam,Ellit,tellitmb@zimbio.com,Genderqueer,73.2.162.215
805,Norry,Cleeve,ncleevemc@wisc.edu,Genderfluid,7.192.143.196
806,Sharity,Bastard,sbastardmd@timesonline.co.uk,Male,85.143.165.81
807,Lief,Jonsson,ljonssonme@time.com,Agender,188.198.115.169
808,Wilmer,aManger,wamangermf@hao123.com,Female,52.16.30.208
809,Andrey,Oubridge,aoubridgemg@examiner.com,Female,115.67.97.24
810,Elene,Farny,efarnymh@census.gov,Non-binary,175.113.104.141
811,Benedikta,Chevins,bchevinsmi@last.fm,Female,183.195.54.117
812,Harris,Mabbett,hmabbettmj@google.it,Polygender,35.250.83.86
813,Sunny,Reinard,sreinardmk@statcounter.com,Bigender,165.155.105.206
814,Dani,Greguoli,dgreguoliml@wikia.com,Female,171.2.243.38
815,Brock,Hargraves,bhargravesmm@tamu.edu,Genderqueer,89.196.155.7
816,Sammy,Scarlan,sscarlanmn@zdnet.com,Non-binary,246.63.225.198
817,Clementina,Peddowe,cpeddowemo@si.edu,Male,202.55.73.208
818,Dorey,Mompesson,dmompessonmp@arstechnica.com,Female,236.15.220.61
819,Lorrin,Aberchirder,laberchirdermq@about.me,Bigender,63.147.109.108
820,Engracia,Fantone,efantonemr@hostgator.com,Bigender,114.199.129.84
821,Melvyn,Habershon,mhabershonms@theglobeandmail.com,Non-binary,240.161.116.140
822,Iago,Eynaud,ieynaudmt@nsw.gov.au,Polygender,25.213.227.156
823,Terry,Elbourne,telbournemu@nbcnews.com,Female,247.37.27.27
824,Anastassia,Bril,abrilmv@sciencedirect.com,Genderqueer,121.165.80.210
825,Gertruda,Ordemann,gordemannmw@umn.edu,Male,152.170.235.9
826,Morris,De Few,mdefewmx@uiuc.edu,Non-binary,202.40.18.249
827,Bob,FitzGilbert,bfitzgilbertmy@mediafire.com,Genderfluid,234.133.121.102
828,Shep,Skelcher,sskelchermz@odnoklassniki.ru,Polygender,50.231.74.196
829,Christos,MacEveley,cmaceveleyn0@tripod.com,Female,210.25.3.216
830,Alejandrina,Grimsditch,agrimsditchn1@facebook.com,Non-binary,103.39.21.232
831,Melba,Grimsey,mgrimseyn2@theatlantic.com,Bigender,152.25.34.238
832,Hugues,Arnaudet,harnaudetn3@godaddy.com,Genderqueer,231.87.43.70
833,Gale,Tunnah,gtunnahn4@ezinearticles.com,Male,189.191.247.78
834,Lauraine,Kelston,lkelstonn5@elpais.com,Agender,235.82.1.184
835,Porter,Guiver,pguivern6@amazonaws.com,Non-binary,78.116.161.152
836,Avrit,Pellatt,apellattn7@trellian.com,Genderqueer,83.182.118.92
837,Tally,Strettell,tstrettelln8@devhub.com,Male,46.216.241.224
838,Andrea,Sutworth,asutworthn9@techcrunch.com,Polygender,206.159.215.97
839,Doroteya,Geaves,dgeavesna@intel.com,Genderfluid,232.197.145.89
840,Karlotte,Dennehy,kdennehynb@abc.net.au,Non-binary,223.5.235.208
841,Julius,Harling,jharlingnc@bloglovin.com,Non-binary,253.180.114.210
842,Winslow,Longlands,wlonglandsnd@tmall.com,Bigender,178.67.199.108
843,Kasper,Persicke,kpersickene@tumblr.com,Bigender,171.134.217.27
844,Lauren,Lugard,llugardnf@yelp.com,Agender,233.246.124.108
845,Joice,Ahrens,jahrensng@google.com.au,Genderfluid,209.63.54.42
846,Felic,Manjin,fmanjinnh@economist.com,Genderfluid,90.254.113.199
847,Anabel,Aberdein,aaberdeinni@amazon.de,Male,21.27.213.103
848,Brew,Shilling,bshillingnj@ted.com,Female,67.92.210.129
849,Corby,Olivi,colivink@woothemes.com,Female,23.205.17.156
850,Trev,Kirvell,tkirvellnl@pinterest.com,Bigender,37.2.49.129
851,Demeter,Nairne,dnairnenm@nature.com,Genderfluid,158.65.222.189
852,Toma,Guiel,tguielnn@geocities.jp,Bigender,1.53.6.4
853,Karissa,Dooney,kdooneyno@prlog.org,Agender,79.226.71.192
854,Cam,MacDermott,cmacdermottnp@cocolog-nifty.com,Genderqueer,15.242.29.128
855,Granny,Mayler,gmaylernq@state.tx.us,Male,98.87.206.50
856,Ilyse,Denisevich,idenisevichnr@icq.com,Genderfluid,233.56.13.207
857,Reggi,Tisun,rtisunns@dell.com,Agender,92.206.133.216
858,Murial,Gadson,mgadsonnt@businesswire.com,Genderfluid,151.85.180.98
859,Sergio,Brafferton,sbraffertonnu@altervista.org,Female,109.198.227.115
860,Electra,Ruane,eruanenv@narod.ru,Bigender,48.149.239.237
861,Fidela,Gregine,fgreginenw@prnewswire.com,Polygender,117.55.7.82
862,Dorey,Highway,dhighwaynx@google.com.br,Agender,128.164.141.103
863,Davie,Fenny,dfennyny@chicagotribune.com,Genderqueer,216.15.90.80
864,Thaxter,Simioni,tsimioninz@theatlantic.com,Genderqueer,31.69.240.155
865,Donella,Stille,dstilleo0@noaa.gov,Genderqueer,76.162.44.110
866,Clementia,Lince,clinceo1@naver.com,Genderqueer,152.208.114.112
867,Trisha,Feuell,tfeuello2@virginia.edu,Male,115.82.197.37
868,Harley,Humpherston,hhumpherstono3@instagram.com,Polygender,79.240.163.56
869,Estrella,Brayford,ebrayfordo4@chronoengine.com,Non-binary,152.75.5.250
870,Pebrook,Coatman,pcoatmano5@ehow.com,Polygender,93.97.17.43
871,Parnell,De Ath,pdeatho6@examiner.com,Polygender,66.43.217.105
872,Alix,McMarquis,amcmarquiso7@omniture.com,Polygender,165.209.169.22
873,Herold,Ridings,hridingso8@ehow.com,Non-binary,204.37.237.234
874,Stefano,Boutellier,sboutelliero9@vistaprint.com,Female,200.169.3.41
875,Andi,Balazot,abalazotoa@nationalgeographic.com,Polygender,137.234.101.135
876,Nicko,Sargerson,nsargersonob@mapquest.com,Genderqueer,202.121.232.201
877,Tonia,McCaughey,tmccaugheyoc@aboutads.info,Genderqueer,217.245.143.80
878,Waldon,Humbatch,whumbatchod@constantcontact.com,Genderfluid,71.31.102.107
879,Nari,Dymidowicz,ndymidowiczoe@tumblr.com,Genderfluid,220.48.139.52
880,Olga,Thredder,othredderof@loc.gov,Non-binary,126.188.34.91
881,Kermit,Cucuzza,kcucuzzaog@soundcloud.com,Non-binary,110.235.29.88
882,Reinold,Coppard,rcoppardoh@stumbleupon.com,Bigender,206.57.230.80
883,Ive,Birdwhistell,ibirdwhistelloi@weibo.com,Female,115.46.36.130
884,Araldo,Landrean,alandreanoj@ft.com,Genderfluid,3.45.30.205
885,Susie,Cowpland,scowplandok@ning.com,Bigender,15.128.144.200
886,Worthington,Livzey,wlivzeyol@ebay.co.uk,Genderfluid,3.49.29.178
887,Kin,Killshaw,kkillshawom@tinyurl.com,Male,173.4.223.2
888,Delphinia,Harcarse,dharcarseon@multiply.com,Agender,2.200.121.41
889,Cobbie,Trainer,ctraineroo@bloglines.com,Non-binary,194.251.232.156
890,Lindy,De Giorgi,ldegiorgiop@hostgator.com,Agender,158.129.221.1
891,Rhys,Palay,rpalayoq@sitemeter.com,Bigender,169.51.125.24
892,Gigi,Hawkes,ghawkesor@google.co.uk,Female,223.226.36.68
893,Petunia,Semmence,psemmenceos@home.pl,Genderfluid,188.46.184.129
894,Joachim,Soff,jsoffot@squarespace.com,Genderfluid,172.110.190.212
895,Sharona,Stivers,sstiversou@yolasite.com,Agender,113.199.240.146
896,Marleah,Heel,mheelov@surveymonkey.com,Bigender,2.3.26.134
897,Verla,Fadian,vfadianow@simplemachines.org,Agender,12.36.187.197
898,Regina,Tremontana,rtremontanaox@people.com.cn,Bigender,62.233.229.168
899,Elka,MacBrearty,emacbreartyoy@joomla.org,Agender,51.72.250.24
900,Farica,Pratten,fprattenoz@storify.com,Agender,32.92.43.33
901,Wallis,Fleetwood,wfleetwoodp0@nasa.gov,Male,190.34.60.173
902,Rea,De la Zenne,rdelazennep1@discuz.net,Agender,135.254.92.184
903,Lory,Davidsohn,ldavidsohnp2@mayoclinic.com,Non-binary,151.111.160.136
904,Bartolomeo,Greenhough,bgreenhoughp3@altervista.org,Non-binary,16.85.254.243
905,Janka,Purvey,jpurveyp4@uiuc.edu,Male,51.40.235.49
906,Olive,Manie,omaniep5@abc.net.au,Female,157.67.251.89
907,Marcille,Dincey,mdinceyp6@acquirethisname.com,Female,182.9.171.103
908,Claudio,Elijah,celijahp7@mtv.com,Bigender,70.237.130.118
909,Kessia,Coper,kcoperp8@bloglines.com,Agender,149.8.232.81
910,Evangelia,Balmer,ebalmerp9@youtube.com,Genderqueer,19.201.25.127
911,Madelyn,Greenway,mgreenwaypa@tumblr.com,Female,12.19.162.39
912,Gardiner,Mabley,gmableypb@walmart.com,Genderqueer,182.77.233.175
913,Roberto,Lummus,rlummuspc@ed.gov,Bigender,46.140.49.204
914,Constantino,Minocchi,cminocchipd@newsvine.com,Genderfluid,213.61.216.159
915,Casar,MacGaffey,cmacgaffeype@cafepress.com,Female,98.75.64.142
916,Sharon,Grimsey,sgrimseypf@icq.com,Non-binary,8.67.60.47
917,Lynnett,Lishmund,llishmundpg@macromedia.com,Non-binary,85.51.7.68
918,Chickie,Corney,ccorneyph@clickbank.net,Non-binary,211.134.135.162
919,Humphrey,Grebert,hgrebertpi@squidoo.com,Polygender,6.158.58.245
920,Netti,Aven,navenpj@accuweather.com,Bigender,140.107.24.30
921,Horatius,Borrett,hborrettpk@themeforest.net,Agender,197.60.194.10
922,Lavinia,Merchant,lmerchantpl@imageshack.us,Non-binary,66.99.45.185
923,Joletta,Lain,jlainpm@jimdo.com,Agender,37.79.101.131
924,Conchita,Brik,cbrikpn@wordpress.com,Polygender,107.86.133.179
925,Naoma,Ruddell,nruddellpo@example.com,Female,197.182.60.175
926,Giavani,Bearham,gbearhampp@chicagotribune.com,Agender,199.86.50.196
927,Grantham,Skillitt,gskillittpq@seesaa.net,Polygender,12.132.42.16
928,Gerty,Cloney,gcloneypr@symantec.com,Female,212.49.150.77
929,Mendie,Vella,mvellaps@wikia.com,Polygender,15.218.88.215
930,Karissa,Blondel,kblondelpt@boston.com,Agender,222.238.27.216
931,Rubin,Maciaszczyk,rmaciaszczykpu@bandcamp.com,Genderqueer,21.205.240.141
932,Timotheus,Book,tbookpv@thetimes.co.uk,Bigender,39.145.236.211
933,Dido,Thorbon,dthorbonpw@jiathis.com,Polygender,110.162.52.153
934,Godfree,Bozward,gbozwardpx@mail.ru,Polygender,212.29.127.40
935,Margaretta,Prudence,mprudencepy@omniture.com,Agender,116.67.236.206
936,Sybil,Thorogood,sthorogoodpz@forbes.com,Genderqueer,33.153.15.145
937,Legra,Stoner,lstonerq0@ifeng.com,Non-binary,138.78.68.50
938,Jim,Klehn,jklehnq1@newsvine.com,Genderqueer,32.66.36.227
939,Jerrome,Lavery,jlaveryq2@nps.gov,Non-binary,248.69.93.208
940,Jada,Deackes,jdeackesq3@sohu.com,Female,149.106.86.166
941,Thorn,Bril,tbrilq4@disqus.com,Female,192.165.219.98
942,Paige,Fenlon,pfenlonq5@ted.com,Genderfluid,85.178.150.209
943,Toinette,Gulliford,tgullifordq6@rediff.com,Polygender,46.183.117.10
944,Alisun,Paynton,apayntonq7@e-recht24.de,Non-binary,203.197.124.69
945,Shannon,Saffle,ssaffleq8@nbcnews.com,Genderqueer,138.218.187.202
946,Harmony,Geffcock,hgeffcockq9@bloomberg.com,Polygender,230.181.246.74
947,Alyce,Nicholas,anicholasqa@chron.com,Polygender,251.92.186.67
948,Flynn,Baudasso,fbaudassoqb@toplist.cz,Genderfluid,145.24.98.183
949,Irita,Beckenham,ibeckenhamqc@oracle.com,Agender,138.20.149.5
950,Christabel,Solland,csollandqd@cornell.edu,Genderqueer,172.168.229.182
951,Sari,Kinnon,skinnonqe@bloglovin.com,Female,254.49.33.190
952,Charmian,Brandes,cbrandesqf@opera.com,Polygender,12.3.57.226
953,Ethelin,Kewzick,ekewzickqg@japanpost.jp,Male,231.59.69.157
954,Marna,Crosseland,mcrosselandqh@marketwatch.com,Agender,148.147.205.201
955,Elsinore,Littrik,elittrikqi@adobe.com,Female,179.7.122.167
956,Sashenka,Smalman,ssmalmanqj@bloomberg.com,Genderfluid,180.40.150.2
957,Donna,Schoenleiter,dschoenleiterqk@amazon.co.jp,Genderfluid,148.75.225.94
958,Dareen,Yole,dyoleql@nsw.gov.au,Polygender,198.32.117.123
959,Samuele,Pynner,spynnerqm@cmu.edu,Genderfluid,144.78.218.143
960,Latrena,Adanet,ladanetqn@netscape.com,Male,144.97.55.110
961,Roseline,Viste,rvisteqo@cbsnews.com,Male,246.64.158.71
962,Elie,Mullins,emullinsqp@wsj.com,Male,15.153.255.254
963,Desiri,Eickhoff,deickhoffqq@twitpic.com,Genderqueer,131.175.164.9
964,Jodi,Ferrari,jferrariqr@boston.com,Polygender,141.75.128.46
965,Marietta,Kleinpeltz,mkleinpeltzqs@nymag.com,Genderqueer,161.98.26.57
966,Harlie,Tippin,htippinqt@gizmodo.com,Polygender,89.156.201.248
967,Clemmie,Wytchard,cwytchardqu@wikispaces.com,Genderfluid,73.146.138.128
968,Nerta,Kopmann,nkopmannqv@woothemes.com,Genderfluid,127.229.200.252
969,Cortie,Eisold,ceisoldqw@shareasale.com,Female,253.182.104.94
970,Cherise,Di Boldi,cdiboldiqx@cnn.com,Genderfluid,151.27.14.216
971,Veronika,Berriball,vberriballqy@ning.com,Genderfluid,176.28.250.100
972,Twila,Bragger,tbraggerqz@mail.ru,Genderfluid,226.143.255.80
973,Howey,Bankhurst,hbankhurstr0@nydailynews.com,Female,198.224.169.91
974,Ilise,McVrone,imcvroner1@ihg.com,Agender,135.10.152.55
975,Sapphira,Pidgeley,spidgeleyr2@utexas.edu,Non-binary,68.109.87.145
976,Glenn,Ebbs,gebbsr3@soup.io,Genderqueer,165.42.170.161
977,Sibylla,Borgesio,sborgesior4@dropbox.com,Male,49.180.134.200
978,Kai,Pedlar,kpedlarr5@gravatar.com,Non-binary,1.237.28.77
979,Ailbert,Orrill,aorrillr6@netscape.com,Genderqueer,156.78.67.33
980,Arline,Gors,agorsr7@illinois.edu,Polygender,52.169.151.48
981,Maximilian,Steinhammer,msteinhammerr8@businessweek.com,Male,25.69.50.1
982,Anette,Stinton,astintonr9@japanpost.jp,Male,87.102.235.3
983,Murray,Landor,mlandorra@omniture.com,Male,193.204.229.128
984,Dinny,Duckit,dduckitrb@storify.com,Bigender,94.161.113.64
985,Vivyan,Effaunt,veffauntrc@goo.gl,Bigender,133.196.10.216
986,Carlin,Hundell,chundellrd@baidu.com,Female,135.15.23.133
987,Frederick,Kynd,fkyndre@google.pl,Non-binary,146.20.137.85
988,Estelle,Godsmark,egodsmarkrf@sohu.com,Male,133.188.185.173
989,Elmo,Mattaser,emattaserrg@google.es,Male,231.208.171.187
990,Sayre,Ellesmere,sellesmererh@so-net.ne.jp,Polygender,203.186.242.91
991,Shellie,Macklin,smacklinri@abc.net.au,Genderqueer,206.249.235.219
992,Erl,Josebury,ejoseburyrj@gmpg.org,Male,146.20.142.217
993,Rozina,Brotherwood,rbrotherwoodrk@ucoz.ru,Bigender,202.26.113.33
994,Chico,Hellyar,chellyarrl@taobao.com,Male,25.27.67.108
995,Nehemiah,Livezley,nlivezleyrm@ucoz.ru,Agender,40.114.154.173
996,Kenneth,Mytton,kmyttonrn@un.org,Genderqueer,208.121.189.10
997,Jarret,Bottomley,jbottomleyro@vkontakte.ru,Agender,164.52.208.156
998,Gabbie,Benyan,gbenyanrp@cam.ac.uk,Genderfluid,66.121.61.18
999,Stace,Levene,slevenerq@indiegogo.com,Genderfluid,45.212.230.76
1000,Sonni,Rubenfeld,srubenfeldrr@dailymotion.com,Female,207.171.219.90
